101,102,103
101,104,101
102,103
103,105
104,106
105,107
106,108
107,109
108,110
109,111
110,112
111,113
112,114
113,115,101
114,101
115,102
101,102,103,104
102,103,104,105
103,104,105,106
104,105,106,107
105,106,107,108
106,107,108,109
107,108,109,110
108,109,110,111
109,110,111,112
110,111,112,113
111,112,113,114
112,113,114,115
113,114,115,101
114,115,101,102
115,101,102,103
201,202,203
201,204
202,203
203,205
204,206
205,207
206,208
207,209
208,210
209,211
210,212
211,213
212,214
213,215
214,201
215,202
201,202,203,204
202,203,204,205
203,204,205,206
204,205,206,207
205,206,207,208
206,207,208,209
207,208,209,210
208,209,210,211
209,210,211,212
210,211,212,213
211,212,213,214
212,213,214,215
213,214,215,201
214,215,201,202
215,201,202,203
301,302,303
301,304
302,303
303,305
304,306
305,307
306,308
307,309
308,310
309,311
310,312
311,313
312,314
313,315
314,301
315,302
301,302,303,304
302,303,304,305
303,304,305,306
304,305,306,307
305,306,307,308
306,307,308,309
307,308,309,310
308,309,310,311
309,310,311,312
310,311,312,313
311,312,313,314
312,313,314,315
313,314,315,301
314,315,301,302
315,301,302,303
401,402,403
401,404
402,403
403,405
404,406
405,407
406,408
407,409
408,410
409,411
410,412
411,413
412,414
413,415
414,401
415,402
401,402,403,404
402,403,404,405
403,404,405,406
404,405,406,407
405,406,407,408
406,407,408,409
407,408,409,410
408,409,410,411
409,410,411,412
410,411,412,413
411,412,413,414
412,413,414,415
413,414,415,401
414,415,401,402
415,401,402,403
501,502,503
501,504
502,503
503,505
504,506
505,507
506,508
507,509
508,510
509,511
510,512
511,513
512,514
513,515
514,502,505
515,502
501,502,503,504
502,503,504,505
503,504,505,506
504,505,506,507
505,506,507,508
506,507,508,509
507,508,509,510
508,509,510,511
509,510,511,512
510,511,512,513
511,512,513,514
512,513,514,515
513,514,515,501
514,515,501,502
515,501,502,503
601,602,603
601,604
602,603
603,605
604,606
605,607
606,608
607,609
608,610
609,611
610,612
611,613
612,614
613,615
614,601
615,602
601,602,603,604
602,603,604,605
604,605,606
604,605,606,607
605,606,607,608
606,607,608,609
607,608,609,610
608,609,610,611
609,610,611,612
610,611,612,613
611,612,613,614
612,613,614,615
613,614,615,601
614,615,601,602
615,601,602,605
701,702,703
701,704
702,703
703,705
704,706
705,707
706,708
707,709
708,710
709,711
710,712
711,713
712,714
713,715
714,701
715,702
701,702,703,704
702,703,704,705
703,704,705,706
704,705,706,707
705,706,707,708
706,707,708,709
707,708,709,710
708,709,710,711
709,710,711,712
710,711,712,713
711,712,713,714
712,713,714,715
713,714,715,701
714,715,701,702
715,701,702,703
801,802,803
801,804
802,803
803,805
804,806
805,807
806,808
807,809
808,810
809,811
810,812
811,813
812,814
813,815
814,801
815,802
801,802,803,804
802,803,804,805
803,804,805,806
804,805,806,807
805,806,807,808
806,807,808,809
807,808,809,810
808,809,810,811
809,810,811,812
810,811,812,813
811,812,813,814
812,813,814,815
813,814,815,801
814,815,801,802
815,801,802,803
901,902,903
901,904
902,903
903,905
904,906
905,907
906,908
907,909
908,910
909,911
910,912
911,913
912,914
913,915
914,901
915,902
901,902,903,904
902,903,904,905
903,904,905,906
904,905,906,907
905,906,907,908
906,907,908,909
907,908,909,910
908,909,910,911
909,910,911,912
910,911,912,913
911,912,913,914
912,913,914,915
913,914,915,901
914,915,901,902
915,901,902,903
1001,1002,1003
1001,1004
1002,1003
1003,1005
1004,1006
1005,1007
1006,1008
1007,1009
1008,1010
1009,1011
1010,1012
1011,1013
1012,1014
1013,1015
1014,1001
1015,1002
1001,1002,1003,1004
1002,1003,1004,1005
1003,1004,1005,1006
1004,1005,1006,1007
1005,1006,1007,1008
1006,1007,1008,1009
1007,1008,1009,1010
1008,1009,1010,1011
1009,1010,1011,1012
1010,1011,1012,1013
1011,1012,1013,1014
1012,1013,1014,1015
1013,1014,1015,1001
1014,1015,1001,1002
1015,1001,1002,1003
805,807
811,814,801,809
302,301
502,501
102,111,103
502,503
301,306,307
306,302
103,105
301,302
301,302,306
301,302,314
301,302
602,613,609,601
301,302
314,302,306
301,306,302
801,804,803
801,809,806,804
401,402
615,610,602,609,607
301,314,310,302,306
301,313,314,302,306
307,303,304
801,803,810,802
801,811,804,810
503,514
